{
	"credit": "Made with Blockbench",
	"textures": {
		"0": "map_exclusive:items/lexica_cartographia/main",
		"1": "map_exclusive:items/lexica_cartographia/text",
		"particle": "map_exclusive:items/lexica_cartographia/main"
	},
	"elements": [
		{
			"from": [4, -0.001, 2],
			"to": [11, -0.001, 14],
			"faces": {
				"north": {"uv": [0, 0, 1.75, 0], "texture": "#0"},
				"east": {"uv": [0, 0, 3, 0], "texture": "#0"},
				"south": {"uv": [0, 0, 1.75, 0], "texture": "#0"},
				"west": {"uv": [0, 0, 3, 0], "texture": "#0"},
				"up": {"uv": [1.75, 3, 0, 0], "texture": "#0"},
				"down": {"uv": [3.5, 0, 1.75, 3], "texture": "#0"}
			}
		},
		{
			"from": [5, 0, 3],
			"to": [11, 2, 13],
			"faces": {
				"north": {"uv": [6.5, 7, 8, 7.5], "texture": "#0"},
				"east": {"uv": [6.5, 6, 9, 6.5], "texture": "#0"},
				"south": {"uv": [7.5, 0, 9, 0.5], "texture": "#0"},
				"west": {"uv": [6.5, 6.5, 9, 7], "texture": "#0"},
				"up": {"uv": [5, 2.5, 3.5, 0], "texture": "#0"},
				"down": {"uv": [5, 2.5, 3.5, 5], "texture": "#0"}
			}
		},
		{
			"from": [3.75, 0.25, 2.25],
			"to": [9.75, 0.25, 12.25],
			"faces": {
				"north": {"uv": [0, 0, 1.5, 0], "texture": "#0"},
				"east": {"uv": [0, 0, 2.5, 0], "texture": "#0"},
				"south": {"uv": [0, 0, 1.5, 0], "texture": "#0"},
				"west": {"uv": [0, 0, 2.5, 0], "texture": "#0"},
				"up": {"uv": [6.5, 2.5, 5, 0], "texture": "#0"},
				"down": {"uv": [6.5, 2.5, 5, 5], "texture": "#0"}
			}
		},
		{
			"from": [5.75, 1.25, 1],
			"to": [9.75, 1.25, 3],
			"faces": {
				"north": {"uv": [0, 0, 1, 0], "texture": "#0"},
				"east": {"uv": [0, 0, 0.5, 0], "texture": "#0"},
				"south": {"uv": [0, 0, 1, 0], "texture": "#0"},
				"west": {"uv": [0, 0, 0.5, 0], "texture": "#0"},
				"up": {"uv": [8.5, 2.5, 7.5, 2], "texture": "#0"},
				"down": {"uv": [8.5, 2.5, 7.5, 3], "texture": "#0"}
			}
		},
		{
			"from": [3, 1.25, 4],
			"to": [5, 1.25, 7],
			"faces": {
				"north": {"uv": [0, 0, 0.5, 0], "texture": "#0"},
				"east": {"uv": [0, 0, 0.75, 0], "texture": "#0"},
				"south": {"uv": [0, 0, 0.5, 0], "texture": "#0"},
				"west": {"uv": [0, 0, 0.75, 0], "texture": "#0"},
				"up": {"uv": [3.5, 6.75, 3, 6], "texture": "#0"},
				"down": {"uv": [3.5, 6.75, 3, 7.5], "texture": "#0"}
			}
		},
		{
			"from": [3, 1.5, 9],
			"to": [5, 1.5, 12],
			"faces": {
				"north": {"uv": [0, 0, 0.5, 0], "texture": "#0"},
				"east": {"uv": [0, 0, 0.75, 0], "texture": "#0"},
				"south": {"uv": [0, 0, 0.5, 0], "texture": "#0"},
				"west": {"uv": [0, 0, 0.75, 0], "texture": "#0"},
				"up": {"uv": [3.5, 8.25, 3, 7.5], "texture": "#0"},
				"down": {"uv": [8, 3, 7.5, 3.75], "texture": "#0"}
			}
		},
		{
			"from": [7, 0.25, 13],
			"to": [10, 0.25, 16],
			"faces": {
				"north": {"uv": [0, 0, 0.75, 0], "texture": "#0"},
				"east": {"uv": [0, 0, 0.75, 0], "texture": "#0"},
				"south": {"uv": [0, 0, 0.75, 0], "texture": "#0"},
				"west": {"uv": [0, 0, 0.75, 0], "texture": "#0"},
				"up": {"uv": [8.25, 1.25, 7.5, 0.5], "texture": "#0"},
				"down": {"uv": [8.25, 1.25, 7.5, 2], "texture": "#0"}
			}
		},
		{
			"from": [3.75, 0.5, 2.5],
			"to": [9.75, 0.5, 12.5],
			"faces": {
				"north": {"uv": [0, 0, 1.5, 0], "texture": "#0"},
				"east": {"uv": [0, 0, 2.5, 0], "texture": "#0"},
				"south": {"uv": [0, 0, 1.5, 0], "texture": "#0"},
				"west": {"uv": [0, 0, 2.5, 0], "texture": "#0"},
				"up": {"uv": [5, 7.5, 3.5, 5], "texture": "#0"},
				"down": {"uv": [6.5, 5, 5, 7.5], "texture": "#0"}
			}
		},
		{
			"from": [4.75, 0.75, 4],
			"to": [10.75, 0.75, 14],
			"faces": {
				"north": {"uv": [0, 0, 1.5, 0], "texture": "#0"},
				"east": {"uv": [0, 0, 2.5, 0], "texture": "#0"},
				"south": {"uv": [0, 0, 1.5, 0], "texture": "#0"},
				"west": {"uv": [0, 0, 2.5, 0], "texture": "#0"},
				"up": {"uv": [1.5, 8.5, 0, 6], "texture": "#0"},
				"down": {"uv": [3, 6, 1.5, 8.5], "texture": "#0"}
			}
		},
		{
			"from": [6.5, 1, 4.75],
			"to": [10.5, 1, 14.75],
			"faces": {
				"north": {"uv": [0, 0, 1, 0], "texture": "#0"},
				"east": {"uv": [0, 0, 2.5, 0], "texture": "#0"},
				"south": {"uv": [0, 0, 1, 0], "texture": "#0"},
				"west": {"uv": [0, 0, 2.5, 0], "texture": "#0"},
				"up": {"uv": [7.5, 2.5, 6.5, 0], "texture": "#0"},
				"down": {"uv": [7.5, 2.5, 6.5, 5], "texture": "#0"}
			}
		},
		{
			"from": [4, 2.001, 2],
			"to": [11, 2.001, 14],
			"faces": {
				"north": {"uv": [0, 0, 1.75, 0], "texture": "#0"},
				"east": {"uv": [0, 0, 3, 0], "texture": "#0"},
				"south": {"uv": [0, 0, 1.75, 0], "texture": "#0"},
				"west": {"uv": [0, 0, 3, 0], "texture": "#0"},
				"up": {"uv": [1.75, 6, 0, 3], "texture": "#0"},
				"down": {"uv": [3.5, 3, 1.75, 6], "texture": "#0"}
			}
		},
		{
			"from": [11.001, 0, 2],
			"to": [11.001, 2, 14],
			"faces": {
				"north": {"uv": [0, 0, 0, 0.5], "texture": "#0"},
				"east": {"uv": [6.5, 5, 9.5, 5.5], "texture": "#0"},
				"south": {"uv": [0, 0, 0, 0.5], "texture": "#0"},
				"west": {"uv": [6.5, 5.5, 9.5, 6], "texture": "#0"},
				"up": {"uv": [0, 3, 0, 0], "texture": "#0"},
				"down": {"uv": [0, 0, 0, 3], "texture": "#0"}
			}
		},
		{
			"from": [5, 2.002, 3],
			"to": [10, 2.002, 13],
			"faces": {
				"north": {"uv": [0, 0, 7, 0], "texture": "#1"},
				"east": {"uv": [0, 0, 12, 0], "texture": "#1"},
				"south": {"uv": [0, 0, 7, 0], "texture": "#1"},
				"west": {"uv": [0, 0, 12, 0], "texture": "#1"},
				"up": {"uv": [7, 12, 0, 0], "texture": "#1"},
				"down": {"uv": [14, 0, 7, 12], "texture": "#1"}
			}
		}
	],
	"gui_light": "front",
	"display": {
		"thirdperson_righthand": {
			"rotation": [-86.95, 2.48, -92.65],
			"translation": [5, -1.5, -0.25],
			"scale": [0.7, 0.7, 0.7]
		},
		"thirdperson_lefthand": {
			"rotation": [-86.95, 2.48, -92.65],
			"translation": [5, -1.5, -0.25],
			"scale": [0.7, 0.7, 0.7]
		},
		"firstperson_righthand": {
			"rotation": [-100.53, 5.36, 151.67],
			"translation": [-0.5, 3, 2.75]
		},
		"firstperson_lefthand": {
			"rotation": [-100.53, 5.36, 151.67],
			"translation": [1, 3, 2.75]
		},
		"ground": {
			"translation": [0.5, 2.75, 0],
			"scale": [0.7, 0.7, 0.7]
		},
		"gui": {
			"rotation": [-77.03, 10.1, 156.47],
			"translation": [-3.25, -1.75, 0]
		},
		"head": {
			"translation": [0, 14.5, 0]
		},
		"fixed": {
			"rotation": [-90, 0, 0],
			"translation": [1, -0.5, -8.75],
			"scale": [1.2, 1.2, 1.2]
		}
	}
}