{
	"textures": {
		"0": "map_exclusive:items/wunk_of_undying",
		"particle": "map_exclusive:items/wunk_of_undying"
	},
	"elements": [
		{
			"from": [0, 0, 8.975],
			"to": [16, 16, 9],
			"faces": {
				"north": {"uv": [0, 0, 16, 16], "texture": "#0"},
				"east": {"uv": [0, 0, 0.025, 16], "texture": "#0"},
				"south": {"uv": [16, 0, 0, 16], "texture": "#0"},
				"west": {"uv": [0, 0, 0.025, 16], "texture": "#0"},
				"up": {"uv": [0, 0, 2.78125, 0.91563], "texture": "#0"},
				"down": {"uv": [0, 0, 4.35938, 2.10313], "texture": "#0"}
			}
		}
	],
	"display": {
		"thirdperson_righthand": {
			"rotation": [-164, 75, 98],
			"translation": [-5.75, -4, -17.75],
			"scale": [4, 4, 4]
		},
		"thirdperson_lefthand": {
			"rotation": [-53, -87, 0],
			"translation": [5.75, 0.75, -21],
			"scale": [4, 4, 4]
		},
		"firstperson_righthand": {
			"rotation": [-6, 164, -3],
			"translation": [-1.25, 7.25, 0],
			"scale": [1.1, 1.1, 1.1]
		},
		"firstperson_lefthand": {
			"rotation": [-5, -25, -5],
			"translation": [-1.25, 7.25, 0],
			"scale": [1.1, 1.1, 1.1]
		},
		"ground": {
			"translation": [0, 28.25, 0],
			"scale": [4, 4, 4]
		},
		"gui": {
			"rotation": [0, -180, 0]
		},
		"head": {
			"rotation": [1, 0, -2],
			"translation": [0, 0, -10.5],
			"scale": [4, 4, 4]
		}
	}
}