{
	"parent": "item/handheld",
	"textures": {
		"layer0": "item/carrot_on_a_stick"
	},
	
	"overrides": [	
		{"predicate": {"custom_model_data":9901}, "model": "inasa:coas/golden_carrot"},
		{"predicate": {"custom_model_data":9902}, "model": "inasa:coas/upsidown_carrot"},
		{"predicate": {"custom_model_data":9903}, "model": "inasa:coas/ender_pearl"},
		{"predicate": {"custom_model_data":9904}, "model": "inasa:coas/interaction"},
		{"predicate": {"custom_model_data":9905}, "model": "inasa:shitpost/vineboom"}
		
		
	]
}