{
	"parent": "item/generated",
	"textures": {
		"layer0": "item/item_frame"
	},
	
	"overrides": [	
		{"predicate": {"custom_model_data":9801}, "model": "inasa:placeholder/redstone_dust"},
		{"predicate": {"custom_model_data":9802}, "model": "inasa:placeholder/block/tnt"},
		{"predicate": {"custom_model_data":9803}, "model": "inasa:placeholder/block/stone"},
		{"predicate": {"custom_model_data":9804}, "model": "inasa:placeholder/block/chest"},
		{"predicate": {"custom_model_data":9805}, "model": "inasa:placeholder/block/spawner"},
		{"predicate": {"custom_model_data":9806}, "model": "inasa:placeholder/charon"},
		{"predicate": {"custom_model_data":9807}, "model": "inasa:placeholder/teleporter"}
		
		
	]
}