{
	"gui_light": "front",
	"elements": [
		{
			"from": [3.5, 0, 4.5],
			"to": [12.5, 4, 4.5],
			"faces": {
				"north": {"uv": [0, 0, 9, 4], "texture": "#glasses"},
				"east": {"uv": [0, 0, 0, 4], "texture": "#glasses"},
				"south": {"uv": [0, 4, 9, 8], "texture": "#glasses"},
				"west": {"uv": [0, 0, 0, 4], "texture": "#glasses"},
				"up": {"uv": [9, 0, 0, 0], "texture": "#glasses"},
				"down": {"uv": [9, 0, 0, 0], "texture": "#glasses"}
			}
		},
		{
			"from": [12.5, 0, 4.5],
			"to": [12.5, 4, 11.5],
			"faces": {
				"north": {"uv": [0, 0, 0, 4], "texture": "#glasses"},
				"east": {"uv": [9, 0, 16, 4], "texture": "#glasses"},
				"south": {"uv": [0, 0, 0, 4], "texture": "#glasses"},
				"west": {"uv": [9, 4, 16, 8], "texture": "#glasses"},
				"up": {"uv": [0, 7, 0, 0], "texture": "#glasses"},
				"down": {"uv": [0, 0, 0, 7], "texture": "#glasses"}
			}
		},
		{
			"from": [3.5, 0, 4.5],
			"to": [3.5, 4, 11.5],
			"faces": {
				"north": {"uv": [0, 0, 0, 4], "texture": "#glasses"},
				"east": {"uv": [0, 8, 7, 12], "texture": "#glasses"},
				"south": {"uv": [0, 0, 0, 4], "texture": "#glasses"},
				"west": {"uv": [7, 8, 14, 12], "texture": "#glasses"},
				"up": {"uv": [0, 7, 0, 0], "texture": "#glasses"},
				"down": {"uv": [0, 0, 0, 7], "texture": "#glasses"}
			}
		}
	],
	"display": {
		"thirdperson_righthand": {
			"rotation": [1.59, -20.24, 8.76],
			"translation": [0, 3.5, 2.25],
			"scale": [0.7, 0.7, 0.7]
		},
		"thirdperson_lefthand": {
			"rotation": [1.59, -20.24, 8.76],
			"translation": [0, 3.5, 2.25],
			"scale": [0.7, 0.7, 0.7]
		},
		"firstperson_righthand": {
			"rotation": [-2.74, -11.86, 11.73],
			"translation": [0.75, 6.25, 1.75],
			"scale": [0.7, 0.7, 0.7]
		},
		"firstperson_lefthand": {
			"rotation": [-2.74, -11.86, 11.73],
			"translation": [0.75, 6.25, 1.75],
			"scale": [0.7, 0.7, 0.7]
		},
		"ground": {
			"translation": [0, 3.25, 0],
			"scale": [0.7, 0.7, 0.7]
		},
		"gui": {
			"rotation": [-150, 32, -180],
			"translation": [0.5, 7, 0],
			"scale": [1.3, 1.3, 1.3]
		},
		"head": {
			"translation": [0, 9.25, -1.5],
			"scale": [1.5, 1.5, 1.5]
		},
		"fixed": {
			"rotation": [-90, 0, 0],
			"translation": [0, 0, -7.75],
			"scale": [1.1, 1.1, 1.1]
		}
	}
}