{
	"parent": "block/block",
	"elements": [
		{
			"from": [0, 0, 0],
			"to": [16, 16, 16],
			"faces": {
				"north": {"uv": [0, 0, 16, 16], "texture": "#outline", "cullface": "north"},
				"east": {"uv": [0, 0, 16, 16], "texture": "#outline", "cullface": "east"},
				"south": {"uv": [0, 0, 16, 16], "texture": "#outline", "cullface": "south"},
				"west": {"uv": [0, 0, 16, 16], "texture": "#outline", "cullface": "west"},
				"up": {"uv": [0, 0, 16, 16], "texture": "#outline", "cullface": "up"},
				"down": {"uv": [0, 0, 16, 16], "texture": "#outline", "cullface": "down"}
			}
		}
	]
}