{
    "providers": [
        {
            "type": "bitmap",
            "file": "box:font/bottom.png",
            "ascent": -3,
			"height": 3,
            "chars": [
                "se012345"
            ]
        },
		{
            "type": "bitmap",
            "file": "box:font/bottom_big.png",
            "ascent": -3,
			"height": 3,
            "chars": [
                "67"
            ]
        },
		{
			"type": "space",
            "advances": {
                "b": -1,
                "f": -4
			}
		}
    ]
}